,Player,DRIVEPTS,CSPTS,PULLPTS,PAINTPTS,POSTPTS,ELBOWPTS,DRIVEPTS%,CSPTS%,PULLPTS%,PAINTPTS%,POSTPTS%,ELBOWPTS%
0,Aaron Gordon,3.2,3.9,2.9,3.9,1.5,1.1,0.429,0.355,0.36200000000000004,0.645,0.40399999999999997,0.507
1,Aaron Holiday,1.4,1.5,2.1,0.0,0.0,0.2,0.423,0.379,0.33799999999999997,1.0,0.0,1.0
2,Abdel Nader,1.4,1.5,0.2,0.3,0.0,0.2,0.507,0.305,0.308,0.5710000000000001,0.0,0.429
3,Al Horford,1.1,5.8,0.6,4.1,2.0,1.5,0.56,0.444,0.45799999999999996,0.706,0.514,0.603
4,Al-Farouq Aminu,1.8,3.6,0.2,2.0,0.1,0.4,0.465,0.35100000000000003,0.171,0.619,0.429,0.45
5,Alan Williams,0.0,0.4,0.0,2.8,0.4,0.8,0.0,0.25,0.0,0.778,0.5,0.4
6,Alec Burks,2.8,2.0,1.6,0.9,0.2,0.1,0.396,0.42700000000000005,0.268,0.629,0.455,0.222
7,Alex Abrines,0.5,3.6,0.7,0.0,0.0,0.1,0.35700000000000004,0.314,0.5,0.0,0.0,0.5
8,Alex Caruso,3.2,1.6,2.0,0.8,0.0,0.4,0.377,0.406,0.38799999999999996,0.615,0.0,0.667
9,Alex Len,0.4,3.0,0.1,6.2,1.0,1.0,0.545,0.354,0.33299999999999996,0.583,0.54,0.5429999999999999
10,Alex Poythress,0.4,1.3,0.0,2.1,0.0,0.4,0.444,0.375,0.0,0.594,0.0,0.4
11,Alfonzo McKinnie,0.3,1.8,0.2,1.6,0.0,0.3,0.391,0.361,0.368,0.679,0.5,0.75
12,Alize Johnson,0.0,0.2,0.1,0.4,0.0,0.0,0.0,0.33299999999999996,0.33299999999999996,0.667,0.0,0.0
13,Allen Crabbe,0.7,6.4,1.2,0.2,0.0,0.2,0.293,0.38299999999999995,0.278,0.4,0.0,0.7140000000000001
14,Allonzo Trier,3.9,1.4,2.9,0.3,0.0,0.1,0.469,0.439,0.365,0.5,0.0,0.25
15,Amile Jefferson,0.2,0.0,0.0,1.3,0.0,0.3,0.33299999999999996,0.0,0.0,0.667,0.0,0.5
16,Amir Johnson,0.4,0.7,0.1,2.2,0.1,0.5,0.727,0.302,1.0,0.5920000000000001,0.429,0.524
17,Andre Drummond,0.9,0.4,0.2,12.1,2.4,1.7,0.431,0.292,0.182,0.575,0.41600000000000004,0.491
18,Andre Iguodala,0.5,2.0,0.4,1.4,0.0,0.3,0.478,0.326,0.3,0.887,0.2,0.727
19,Andre Ingram,0.0,0.0,0.0,0.0,0.0,0.0,0.0,0.0,0.0,0.0,0.0,0.0
20,Andrew Bogut,0.4,0.0,0.0,2.6,0.2,0.4,1.0,0.0,0.0,0.5,0.5,0.4
21,Andrew Harrison,1.7,0.5,0.6,0.1,0.0,0.0,0.5,0.231,0.182,0.0,0.0,0.0
22,Andrew Wiggins,4.5,3.8,4.4,1.8,1.2,0.7,0.41100000000000003,0.349,0.325,0.55,0.402,0.556
23,Anfernee Simons,1.2,0.8,1.5,0.2,0.0,0.0,0.5,0.278,0.462,1.0,0.0,0.0
24,Angel Delgado,1.0,0.0,0.0,1.0,0.0,0.0,1.0,0.0,0.0,0.0,0.0,0.0
25,Ante Zizic,0.2,0.4,0.0,5.6,1.1,1.7,0.5379999999999999,0.406,0.125,0.59,0.406,0.521
26,Anthony Davis,3.1,3.7,2.7,9.9,3.8,2.4,0.485,0.395,0.332,0.703,0.41100000000000003,0.479
27,Anthony Tolliver,0.4,3.7,0.2,0.3,0.0,0.1,0.4,0.374,0.385,0.43799999999999994,0.25,0.2
28,Antonio Blakeney,3.1,1.5,2.6,0.2,0.0,0.1,0.466,0.4,0.342,0.5,0.0,0.8
29,Aron Baynes,0.0,1.6,0.0,3.1,0.3,0.8,0.0,0.35700000000000004,0.0,0.5429999999999999,0.545,0.536
30,Austin Rivers,3.1,2.6,1.7,0.1,0.0,0.0,0.48100000000000004,0.35600000000000004,0.28,0.5,0.0,1.0
31,Avery Bradley,1.2,3.7,3.5,1.1,0.0,0.2,0.35700000000000004,0.374,0.42700000000000005,0.541,0.0,0.353
32,BJ Johnson,0.6,1.3,0.9,0.0,0.0,0.3,1.0,0.375,0.6,0.0,0.0,0.5
33,Bam Adebayo,0.5,0.4,0.4,5.3,0.4,1.1,0.387,0.259,0.486,0.6809999999999999,0.39399999999999996,0.47100000000000003
34,Ben McLemore,0.1,2.1,1.1,0.2,0.0,0.1,0.33299999999999996,0.361,0.444,0.33299999999999996,0.0,1.0
35,Ben Simmons,5.2,0.0,0.5,4.9,2.0,1.1,0.517,0.16699999999999998,0.204,0.625,0.489,0.5479999999999999
36,Billy Garrett,4.0,0.0,2.5,0.0,0.0,0.0,0.636,0.0,0.385,0.0,0.0,0.0
37,Bismack Biyombo,0.1,0.3,0.1,3.5,0.1,0.8,1.0,0.389,0.8,0.612,0.5,0.545
38,Blake Griffin,6.3,3.4,4.8,2.4,3.6,0.8,0.5660000000000001,0.365,0.331,0.575,0.45,0.634
39,Boban Marjanovic,0.0,0.7,0.2,5.8,1.4,1.0,0.33299999999999996,0.462,0.385,0.682,0.5710000000000001,0.6579999999999999
40,Bobby Portis,1.5,5.2,1.0,3.4,1.7,1.1,0.392,0.385,0.364,0.518,0.436,0.469
41,Bogdan Bogdanovic,3.8,4.4,3.9,0.9,0.4,0.4,0.441,0.40399999999999997,0.358,0.54,0.45,0.765
42,Bojan Bogdanovic,5.0,5.2,3.0,1.9,0.6,1.0,0.517,0.455,0.387,0.657,0.462,0.6940000000000001
43,Bonzie Colson,0.3,1.5,0.6,1.0,0.3,0.3,1.0,0.25,0.28600000000000003,0.33299999999999996,0.0,0.0
44,Brad Wanamaker,0.8,0.8,1.1,0.1,0.0,0.0,0.37,0.385,0.4,1.0,0.0,0.0
45,Bradley Beal,8.0,4.8,7.2,1.9,0.2,0.8,0.564,0.354,0.405,0.6970000000000001,0.5,0.643
46,Brandon Goodwin,0.6,0.4,0.0,0.0,0.0,0.0,0.16699999999999998,0.5,0.0,0.0,0.0,0.0
47,Brandon Ingram,6.7,2.2,4.2,2.1,1.2,1.1,0.47700000000000004,0.336,0.441,0.727,0.628,0.595
48,Brandon Knight,1.7,1.5,2.9,0.2,0.0,0.1,0.295,0.299,0.39299999999999996,0.8,0.0,0.5
49,Brandon Sampson,1.5,1.9,0.7,0.3,0.0,0.1,0.5,0.375,0.4,0.4,0.0,1.0
50,Brook Lopez,2.0,6.2,1.4,1.9,1.0,0.7,0.622,0.363,0.40700000000000003,0.653,0.6,0.667
51,Bruce Brown,1.4,1.0,0.2,0.9,0.0,0.2,0.39399999999999996,0.27899999999999997,0.261,0.5660000000000001,0.0,0.5710000000000001
52,Bruno Caboclo,1.7,3.9,0.5,1.6,0.1,0.2,0.526,0.395,0.3,0.512,0.25,0.4
53,Bryn Forbes,2.2,4.8,3.9,0.1,0.0,0.1,0.462,0.45,0.423,0.5710000000000001,0.0,0.75
54,Buddy Hield,2.5,7.2,6.5,1.6,0.0,0.6,0.425,0.45799999999999996,0.397,0.626,0.0,0.564
55,C.J. Williams,0.4,0.6,1.2,0.1,0.0,0.3,0.33299999999999996,0.273,0.667,1.0,0.0,1.0
56,CJ McCollum,6.3,4.1,9.3,0.7,0.0,0.7,0.488,0.392,0.457,0.588,0.25,0.6559999999999999
57,CJ Miles,0.9,3.5,1.1,0.1,0.0,0.0,0.327,0.358,0.32899999999999996,0.375,0.0,0.0
58,Caleb Swanigan,0.1,0.1,0.1,1.0,0.3,0.3,0.33299999999999996,0.083,0.14300000000000002,0.435,0.33299999999999996,0.33299999999999996
59,Cameron Payne,2.9,1.1,1.9,0.3,0.0,0.0,0.556,0.25,0.408,0.5710000000000001,0.0,0.0
60,Cameron Reynolds,0.5,3.0,0.7,0.1,0.0,0.3,0.6,0.38799999999999996,0.5,0.25,0.0,0.4
61,Caris LeVert,7.2,1.4,3.4,0.8,0.0,0.5,0.479,0.257,0.34,0.5770000000000001,0.0,0.5379999999999999
62,Carmelo Anthony,0.5,5.9,3.4,0.6,2.9,0.6,0.28600000000000003,0.368,0.366,0.375,0.737,1.0
63,Cedi Osman,3.5,3.8,2.6,0.8,0.4,0.5,0.46399999999999997,0.355,0.355,0.628,0.5,0.621
64,Chandler Hutchison,1.3,1.0,0.2,1.1,0.0,0.4,0.391,0.292,0.278,0.667,0.0,0.583
65,Chandler Parsons,2.0,3.0,1.4,0.5,0.2,0.4,0.36200000000000004,0.313,0.326,0.7140000000000001,0.667,0.8
66,Channing Frye,0.1,2.4,0.4,0.2,0.2,0.0,0.0,0.375,0.3,0.8,0.231,0.0
67,Chasson Randle,1.3,1.7,1.3,0.4,0.0,0.1,0.431,0.36,0.39299999999999996,0.5379999999999999,0.0,0.5
68,Cheick Diallo,0.1,0.6,0.3,3.8,0.4,1.0,0.33299999999999996,0.358,0.526,0.727,0.75,0.466
69,Chimezie Metu,0.2,0.1,0.1,0.7,0.7,0.3,0.14300000000000002,0.077,0.111,0.5329999999999999,0.4,0.833
70,Chris Boucher,0.1,1.2,0.1,1.1,0.1,0.6,0.16699999999999998,0.314,0.33299999999999996,0.591,0.5,1.0
71,Chris Chiozza,0.0,0.4,0.4,0.0,0.0,0.0,0.0,0.5,0.25,0.0,0.0,0.0
72,Chris Paul,4.4,1.6,8.7,0.2,0.9,0.4,0.44299999999999995,0.429,0.401,0.455,0.43799999999999994,0.583
73,Christian Wood,1.4,1.6,0.5,3.4,0.8,0.9,0.526,0.4,0.455,0.7140000000000001,0.375,0.7
74,Clint Capela,0.3,0.0,0.0,12.7,0.3,3.2,0.625,0.0,0.0,0.6509999999999999,0.524,0.644
75,Cody Zeller,1.6,0.4,0.4,4.6,0.3,2.0,0.46,0.28600000000000003,0.45,0.609,0.75,0.5379999999999999
76,Collin Sexton,5.6,2.4,6.0,0.8,0.0,0.2,0.42100000000000004,0.423,0.389,0.583,0.0,0.348
77,Corey Brewer,0.7,1.4,0.1,1.0,0.0,0.1,0.304,0.341,0.14300000000000002,0.5770000000000001,0.0,1.0
78,Cory Joseph,2.2,1.9,2.3,0.3,0.0,0.1,0.47100000000000003,0.361,0.38,0.47600000000000003,0.0,0.375
79,Courtney Lee,0.5,1.3,1.3,0.2,0.0,0.3,0.41200000000000003,0.302,0.429,0.75,0.0,0.8
80,Cristiano Felicio,0.3,0.1,0.0,2.4,0.2,1.0,0.41700000000000004,0.25,0.33299999999999996,0.557,0.25,0.48
81,D'Angelo Russell,7.2,4.1,9.6,0.4,0.1,0.2,0.508,0.39399999999999996,0.408,0.444,0.455,0.615
82,D.J. Augustin,3.9,2.5,3.3,0.3,0.0,0.2,0.49200000000000005,0.439,0.41200000000000003,0.5710000000000001,0.0,0.875
83,D.J. Wilson,0.3,2.5,0.9,1.8,0.0,0.3,0.33299999999999996,0.331,0.45899999999999996,0.515,0.0,0.353
84,DJ Stephens,0.0,0.0,0.0,2.0,0.0,0.0,0.0,0.0,0.0,0.5,0.0,0.0
85,Dairis Bertans,0.2,2.4,0.4,0.0,0.0,0.0,0.5,0.294,0.154,0.0,0.0,0.0
86,Damian Jones,0.0,0.2,0.0,3.8,0.0,0.7,0.0,0.4,0.0,0.784,0.0,0.727
87,Damian Lillard,7.7,3.4,9.6,0.6,0.1,0.3,0.48100000000000004,0.381,0.405,0.528,0.6,0.5
88,Damion Lee,0.9,2.3,1.3,0.3,0.0,0.1,0.5,0.397,0.474,0.667,0.0,1.0
89,Damyean Dotson,1.9,4.6,3.0,0.2,0.0,0.2,0.461,0.376,0.40299999999999997,0.467,0.0,0.33299999999999996
90,Daniel Hamilton,1.3,1.3,0.1,0.2,0.0,0.0,0.423,0.381,0.125,0.33299999999999996,0.0,0.0
91,Daniel Theis,0.3,1.6,0.1,3.1,0.2,0.8,0.6,0.361,0.5,0.68,0.5710000000000001,0.585
92,Danilo Gallinari,4.0,6.4,3.6,2.1,1.8,1.0,0.48,0.429,0.41700000000000004,0.5539999999999999,0.514,0.491
93,Danny Green,0.8,6.6,1.7,0.7,0.2,0.2,0.375,0.47,0.405,0.7,0.462,0.5710000000000001
94,Dante Cunningham,0.2,1.6,0.0,0.9,0.0,0.2,0.385,0.429,0.0,0.565,0.0,0.308
95,Dante Exum,3.7,1.3,0.2,0.3,0.0,0.2,0.44799999999999995,0.31,0.25,0.857,0.0,1.0
96,Danuel House Jr.,1.5,4.4,1.3,0.4,0.0,0.2,0.526,0.426,0.37799999999999995,0.545,0.0,0.75
97,Dario Saric,1.1,4.5,0.5,2.9,0.7,1.0,0.395,0.36200000000000004,0.284,0.628,0.345,0.6829999999999999
98,Darius Miller,0.7,5.0,1.8,0.1,0.0,0.1,0.579,0.371,0.382,0.667,0.0,0.35700000000000004
99,Darren Collison,2.5,2.3,3.9,0.4,0.1,0.2,0.462,0.447,0.42700000000000005,0.6,0.5,0.5710000000000001
100,Daryl Macon,0.6,0.8,1.9,0.0,0.0,0.0,0.4,0.667,0.3,0.0,0.0,0.0
101,David Nwaba,1.9,1.4,0.3,1.0,0.0,0.4,0.462,0.33799999999999997,0.389,0.5479999999999999,0.25,0.667
102,Davis Bertans,0.5,5.3,1.0,0.5,0.0,0.0,0.389,0.441,0.386,0.68,0.0,0.0
103,Davon Reed,0.0,0.6,0.0,0.4,0.0,0.0,0.0,0.5,0.0,1.0,0.0,0.0
104,De'Aaron Fox,7.1,1.4,4.7,0.5,0.1,0.2,0.46299999999999997,0.396,0.36,0.75,1.0,0.778
105,De'Anthony Melton,1.4,1.7,0.6,0.5,0.1,0.1,0.395,0.37200000000000005,0.191,0.588,1.0,0.75
106,DeAndre Jordan,0.1,0.0,0.0,8.7,0.9,1.6,0.667,0.125,0.0,0.6679999999999999,0.535,0.5760000000000001
107,DeAndre' Bembry,3.3,1.7,0.3,1.0,0.0,0.3,0.455,0.28600000000000003,0.261,0.574,0.0,0.55
108,DeMar DeRozan,10.5,1.3,6.6,0.9,1.1,0.7,0.535,0.395,0.41,0.705,0.40700000000000003,0.5
109,DeMarcus Cousins,2.2,3.0,0.2,4.6,3.5,1.8,0.396,0.303,0.231,0.667,0.512,0.625
110,DeMarre Carroll,2.3,4.5,0.7,1.0,0.0,0.4,0.40299999999999997,0.35600000000000004,0.26899999999999996,0.674,1.0,0.75
111,DeVaughn Akoon-Purcell,0.4,0.0,0.0,0.0,0.0,0.0,0.33299999999999996,0.0,0.0,0.0,0.0,0.0
112,Deandre Ayton,0.3,2.6,0.5,10.5,4.0,2.7,0.667,0.38299999999999995,0.405,0.679,0.525,0.521
113,Delon Wright,3.6,1.4,0.9,1.0,0.0,0.2,0.433,0.336,0.239,0.72,0.0,0.5379999999999999
114,Demetrius Jackson,1.0,1.0,0.7,0.3,0.0,0.3,0.6,0.4,0.5,1.0,0.0,1.0
115,Deng Adel,0.5,0.9,0.2,0.1,0.0,0.0,0.5,0.3,0.25,0.0,0.0,0.0
116,Dennis Schroder,6.7,3.7,4.7,0.2,0.0,0.1,0.456,0.363,0.39399999999999996,0.778,0.0,0.4
117,Dennis Smith Jr.,5.2,1.7,3.9,0.6,0.0,0.2,0.475,0.298,0.35,0.6,0.0,0.429
118,Deonte Burton,0.8,0.8,0.3,0.3,0.0,0.2,0.40700000000000003,0.308,0.385,0.667,0.0,0.667
119,Derrick Favors,0.3,1.5,0.1,7.8,0.5,2.1,0.615,0.32,0.28600000000000003,0.687,0.452,0.542
120,Derrick Jones Jr.,0.6,1.4,0.0,3.0,0.0,0.4,0.34299999999999997,0.337,0.083,0.6779999999999999,0.0,0.526
121,Derrick Rose,8.0,1.8,6.2,0.6,0.1,0.5,0.527,0.36,0.44799999999999995,0.5,1.0,0.556
122,Derrick White,4.5,1.6,2.5,0.5,0.0,0.3,0.53,0.33899999999999997,0.444,0.727,0.0,0.6
123,Devin Booker,8.5,3.9,8.5,1.7,0.9,1.0,0.522,0.409,0.4,0.6859999999999999,0.595,0.619
124,Devin Harris,1.5,2.2,0.8,0.3,0.0,0.1,0.479,0.32299999999999995,0.267,0.529,0.0,0.28600000000000003
125,Devin Robinson,1.6,0.3,0.9,2.3,0.6,0.0,0.444,0.33299999999999996,0.429,0.7,1.0,0.0
126,Devonte' Graham,1.2,1.5,1.3,0.2,0.0,0.0,0.375,0.324,0.27,1.0,0.0,1.0
127,Dewayne Dedmon,0.5,4.2,0.2,4.7,0.4,1.2,0.5,0.385,0.21100000000000002,0.607,0.409,0.541
128,Deyonta Davis,0.0,0.2,0.0,3.3,0.0,0.2,0.0,0.25,0.0,0.813,0.0,0.33299999999999996
129,Dillon Brooks,2.4,2.3,1.0,0.7,0.0,0.5,0.45,0.4,0.276,0.429,0.0,0.5
130,Dion Waiters,2.8,5.7,2.6,0.0,0.0,0.0,0.446,0.395,0.341,0.5,0.0,0.5
131,Dirk Nowitzki,0.0,5.1,1.2,0.2,1.0,0.5,0.0,0.34600000000000003,0.406,0.5,0.42100000000000004,0.444
132,Domantas Sabonis,1.2,1.7,0.1,6.2,2.0,3.9,0.545,0.40700000000000003,0.278,0.6609999999999999,0.546,0.5760000000000001
133,Donatas Motiejunas,0.0,0.7,0.0,1.3,0.0,0.7,0.0,1.0,0.0,1.0,0.0,1.0
134,Donovan Mitchell,10.4,3.5,7.2,1.1,0.2,0.4,0.45399999999999996,0.38799999999999996,0.384,0.672,0.857,0.619
135,Donte DiVincenzo,0.5,2.2,0.4,1.1,0.0,0.2,0.6,0.28600000000000003,0.21100000000000002,0.722,0.0,0.667
136,Donte Grantham,0.0,0.0,0.0,0.0,0.0,0.0,0.0,0.0,0.0,0.0,0.0,0.0
137,Dorian Finney-Smith,1.0,2.7,0.5,1.9,0.0,0.3,0.475,0.316,0.271,0.585,0.16699999999999998,0.5
138,Doug McDermott,1.0,3.6,0.5,1.0,0.1,0.5,0.508,0.425,0.321,0.804,1.0,0.516
139,Dragan Bender,0.6,1.4,0.1,2.1,0.2,0.7,0.619,0.21899999999999997,0.25,0.76,0.5,0.75
140,Draymond Green,0.8,2.2,0.3,1.6,0.4,0.5,0.489,0.28600000000000003,0.39299999999999996,0.61,0.522,0.452
141,Drew Eubanks,0.1,0.0,0.0,1.0,0.7,0.0,1.0,0.0,0.0,0.5379999999999999,0.5,0.0
142,Duncan Robinson,0.1,1.9,0.3,0.3,0.0,0.1,0.0,0.313,0.28600000000000003,1.0,0.0,0.5
143,Dusty Hannahs,3.0,0.0,0.0,0.0,0.0,0.0,0.4,0.0,0.0,0.0,0.0,0.0
144,Dwayne Bacon,2.9,1.5,2.0,0.4,0.0,0.2,0.469,0.44,0.374,0.889,0.0,0.5
145,Dwight Howard,1.1,0.9,0.0,7.7,1.9,1.8,0.5,0.444,0.0,0.718,0.467,0.583
146,Dwight Powell,1.0,1.5,0.0,6.1,0.2,1.5,0.5479999999999999,0.29,0.16699999999999998,0.754,0.5,0.7070000000000001
147,Dwyane Wade,5.2,1.6,5.2,1.5,0.8,0.6,0.473,0.389,0.349,0.529,0.491,0.513
148,Dzanan Musa,0.9,0.3,0.4,0.4,0.0,0.4,0.667,0.14300000000000002,0.25,1.0,0.0,1.0
149,E'Twaun Moore,2.9,3.7,2.5,2.0,0.0,1.0,0.507,0.433,0.426,0.632,0.5,0.5479999999999999
150,Ed Davis,0.1,0.0,0.0,4.5,0.1,1.2,0.2,0.0,0.0,0.636,0.5,0.537
151,Edmond Sumner,0.6,0.8,0.4,0.6,0.0,0.2,0.28600000000000003,0.25,0.444,0.667,0.0,0.5
152,Ekpe Udoh,0.0,0.0,0.0,2.1,0.1,0.5,0.0,0.33299999999999996,0.0,0.825,0.6,0.579
153,Elfrid Payton,4.8,1.9,0.8,1.3,0.0,0.2,0.46,0.33299999999999996,0.33299999999999996,0.5529999999999999,0.5,0.28600000000000003
154,Elie Okobo,1.6,1.3,1.5,0.3,0.0,0.2,0.381,0.29100000000000004,0.29600000000000004,0.778,0.0,0.8
155,Emanuel Terry,0.0,0.0,0.0,3.0,0.0,0.7,0.0,0.0,0.0,0.5710000000000001,0.0,0.0
156,Emmanuel Mudiay,5.5,2.3,5.0,0.7,0.1,0.2,0.469,0.34299999999999997,0.43799999999999994,0.68,0.28600000000000003,0.6
157,Enes Kanter,0.5,0.8,0.1,7.3,3.6,1.7,0.308,0.28,0.4,0.64,0.513,0.627
158,Eric Bledsoe,6.1,2.3,3.4,1.4,0.1,0.3,0.569,0.281,0.386,0.662,1.0,0.769
159,Eric Gordon,4.4,7.6,2.2,0.6,0.1,0.2,0.467,0.379,0.297,0.7240000000000001,0.667,0.5
160,Eric Moreland,0.0,0.6,0.0,0.4,0.4,0.4,0.0,1.0,0.0,0.5,1.0,0.5
161,Ersan Ilyasova,0.2,2.6,0.6,2.5,0.1,0.6,0.368,0.361,0.311,0.557,0.25,0.47200000000000003
162,Evan Fournier,4.5,4.5,3.8,1.0,0.0,0.5,0.47600000000000003,0.376,0.368,0.6609999999999999,0.5,0.513
163,Evan Turner,2.0,0.5,2.2,1.0,1.2,0.2,0.41200000000000003,0.218,0.436,0.682,0.515,0.545
164,Frank Jackson,1.9,2.0,1.3,1.0,0.0,0.5,0.41,0.292,0.358,0.604,1.0,0.778
165,Frank Kaminsky,1.9,3.2,0.1,1.7,0.6,0.9,0.516,0.34700000000000003,0.188,0.659,0.667,0.652
166,Frank Mason,1.3,0.2,1.8,0.6,0.0,0.1,0.488,0.14300000000000002,0.318,0.846,0.0,0.5
167,Frank Ntilikina,1.9,1.8,2.1,0.0,0.0,0.1,0.39299999999999996,0.287,0.348,0.5,0.0,0.4
168,Fred VanVleet,2.7,3.8,2.7,0.3,0.0,0.2,0.401,0.426,0.337,0.5379999999999999,0.0,0.833
169,Furkan Korkmaz,0.6,2.5,1.0,0.7,0.0,0.3,0.406,0.336,0.317,0.682,0.0,0.5379999999999999
170,Garrett Temple,1.0,3.3,1.0,0.6,0.0,0.3,0.426,0.37200000000000005,0.297,0.621,1.0,0.6
171,Gary Clark,0.2,2.2,0.2,0.2,0.0,0.0,0.667,0.294,0.33299999999999996,1.0,0.0,1.0
172,Gary Harris,4.5,3.6,2.4,0.6,0.0,0.3,0.46,0.363,0.341,0.652,0.0,0.5710000000000001
173,Gary Payton II,0.0,1.0,0.0,2.0,0.0,0.0,0.0,0.5,0.0,0.75,0.0,0.0
174,Gary Trent Jr.,0.3,0.4,1.7,0.1,0.4,0.0,0.16699999999999998,0.182,0.39299999999999996,0.33299999999999996,0.6,0.0
175,George Hill,1.9,1.9,1.8,1.0,0.0,0.3,0.495,0.325,0.41200000000000003,0.65,0.0,0.667
176,George King,0.0,0.0,0.0,0.0,0.0,0.0,0.0,0.0,0.0,0.0,0.0,0.0
177,Georges Niang,1.1,2.0,0.4,0.2,0.0,0.1,0.636,0.396,0.611,0.7140000000000001,0.0,1.0
178,Gerald Green,1.2,5.2,1.7,0.5,0.0,0.0,0.5,0.39,0.295,0.792,0.0,0.33299999999999996
179,Giannis Antetokounmpo,8.9,0.7,3.1,6.3,2.1,2.0,0.633,0.213,0.322,0.7190000000000001,0.53,0.61
180,Glenn Robinson III,0.6,1.3,0.7,0.8,0.0,0.1,0.23800000000000002,0.309,0.5,0.7390000000000001,0.0,0.25
181,Goran Dragic,4.3,3.4,3.2,0.5,0.1,0.4,0.455,0.369,0.33799999999999997,0.35,0.0,0.4
182,Gordon Hayward,2.8,3.1,2.3,1.4,0.1,0.9,0.518,0.382,0.369,0.603,0.5,0.6459999999999999
183,Gorgui Dieng,0.4,2.3,0.7,2.4,0.4,1.2,0.42100000000000004,0.48100000000000004,0.355,0.627,0.429,0.614
184,Grayson Allen,1.8,2.2,0.9,0.2,0.0,0.1,0.40399999999999997,0.368,0.275,0.667,0.0,0.5
185,Greg Monroe,0.5,0.3,0.0,3.2,0.8,1.0,0.391,0.263,0.0,0.593,0.37799999999999995,0.47100000000000003
186,Guerschon Yabusele,0.3,0.8,0.0,0.6,0.5,0.2,0.5710000000000001,0.344,0.0,0.625,0.5,0.5710000000000001
187,Hamidou Diallo,0.8,0.3,0.1,1.2,0.0,0.2,0.35700000000000004,0.2,0.3,0.519,0.0,0.625
188,Harrison Barnes,3.5,5.7,2.5,1.7,2.0,0.4,0.44299999999999995,0.395,0.337,0.654,0.41700000000000004,0.414
189,Harry Giles III,0.7,0.9,0.3,3.8,1.4,1.6,0.457,0.406,0.267,0.609,0.395,0.5
190,Hassan Whiteside,0.3,0.8,0.1,9.3,1.5,1.4,0.435,0.36,0.15,0.618,0.436,0.489
191,Haywood Highsmith,0.8,0.6,0.4,0.0,0.0,0.0,1.0,0.25,0.5,0.0,0.0,0.0
192,Henry Ellenson,0.7,2.6,0.5,1.0,0.4,0.3,0.25,0.474,0.25,0.667,0.231,0.5
193,Ian Clark,1.6,2.6,1.8,0.4,0.0,0.2,0.506,0.342,0.353,0.455,0.0,0.33299999999999996
194,Ian Mahinmi,0.2,0.3,0.0,2.8,0.2,0.6,0.2,0.16699999999999998,0.0,0.522,0.5,0.545
195,Ike Anigbogu,0.0,0.0,0.0,0.0,0.0,0.0,0.0,0.0,0.0,0.0,0.0,0.0
196,Iman Shumpert,0.6,4.0,1.8,0.4,0.0,0.1,0.34299999999999997,0.37200000000000005,0.299,0.556,0.25,0.364
197,Isaac Bonga,0.3,0.0,0.0,0.4,0.0,0.0,0.2,0.0,0.0,0.5,0.0,0.0
198,Isaac Humphries,0.0,1.8,0.0,1.2,0.0,0.0,0.0,0.231,0.0,0.375,0.0,0.0
199,Isaiah Briscoe,1.5,0.8,0.7,0.0,0.0,0.0,0.455,0.313,0.289,0.0,0.0,0.0
200,Isaiah Canaan,1.3,2.2,1.9,0.1,0.1,0.1,0.386,0.361,0.423,0.5,1.0,1.0
201,Isaiah Hartenstein,0.0,0.2,0.0,1.3,0.1,0.4,0.0,0.33299999999999996,0.0,0.483,1.0,0.556
202,Isaiah Hicks,0.7,0.0,1.3,2.0,0.3,0.0,0.5,0.0,0.667,0.667,0.0,0.0
203,Isaiah Thomas,3.1,1.8,2.2,0.0,0.0,0.0,0.341,0.267,0.37,0.0,0.0,0.0
204,Ish Smith,4.2,1.3,3.0,0.0,0.0,0.1,0.461,0.32899999999999996,0.373,0.14300000000000002,0.0,0.667
205,Ivan Rabb,0.4,0.6,0.3,2.9,0.8,1.0,0.583,0.28,0.389,0.648,0.528,0.488
206,Ivica Zubac,0.1,0.2,0.0,6.6,1.0,1.9,1.0,0.316,0.33299999999999996,0.569,0.48,0.616
207,J.J. Barea,5.3,1.0,4.7,0.2,0.0,0.1,0.457,0.26,0.41600000000000004,0.667,0.0,0.667
208,J.P. Macura,1.0,0.0,0.0,1.0,0.0,0.0,1.0,0.0,0.0,1.0,0.0,0.0
209,JJ Redick,1.3,6.9,6.4,0.7,0.0,0.5,0.479,0.426,0.426,0.615,0.0,0.395
210,JR Smith,0.7,2.7,2.5,0.2,0.0,0.0,0.5710000000000001,0.35700000000000004,0.289,0.5,0.0,0.0
211,JaKarr Sampson,7.0,3.8,3.0,3.0,0.5,1.5,0.444,0.35700000000000004,0.667,0.667,1.0,1.0
212,JaMychal Green,0.4,3.9,0.3,3.8,1.0,0.6,0.379,0.43700000000000006,0.233,0.628,0.48100000000000004,0.6
213,JaVale McGee,0.4,0.3,0.2,8.4,0.9,2.0,0.406,0.262,0.321,0.688,0.455,0.5579999999999999
214,Jabari Parker,3.5,2.4,2.6,2.3,1.3,0.7,0.524,0.315,0.374,0.7,0.55,0.486
215,Jacob Evans,0.2,0.4,0.6,0.1,0.0,0.1,0.375,0.267,0.375,0.5,0.0,1.0
216,Jae Crowder,1.2,5.7,1.4,1.1,0.1,0.2,0.442,0.35,0.295,0.667,1.0,0.28600000000000003
217,Jahlil Okafor,1.1,0.1,0.4,3.8,1.8,1.4,0.5870000000000001,0.182,0.429,0.662,0.49,0.615
218,Jake Layman,1.1,2.0,1.0,2.2,0.3,0.3,0.5589999999999999,0.31,0.418,0.768,0.643,0.467
219,Jakob Poeltl,0.2,0.2,0.0,4.0,0.3,1.1,0.625,0.5710000000000001,0.25,0.638,0.5,0.7020000000000001
220,Jalen Brunson,3.9,1.6,2.5,0.3,0.1,0.2,0.527,0.33,0.395,0.667,0.4,0.833
221,Jalen Jones,0.9,1.9,0.0,1.4,0.0,0.1,0.3,0.35700000000000004,0.0,0.75,0.0,0.5
222,Jamal Crawford,1.6,1.5,4.3,0.0,0.0,0.1,0.465,0.359,0.401,0.0,0.0,0.5
223,Jamal Murray,5.0,3.6,7.2,1.3,0.1,0.7,0.43200000000000005,0.418,0.4,0.575,0.5,0.61
224,James Ennis III,0.7,2.5,0.4,1.4,0.0,0.4,0.469,0.348,0.375,0.6459999999999999,0.0,0.733
225,James Harden,14.0,1.5,14.6,0.6,0.7,0.1,0.528,0.429,0.37,0.433,0.488,0.5
226,James Johnson,2.3,2.1,1.1,1.0,0.2,0.4,0.41700000000000004,0.317,0.348,0.6920000000000001,0.308,0.5
227,James Nunnally,0.3,1.6,0.0,0.0,0.0,0.0,0.5,0.381,0.0,0.0,0.0,0.0
228,Jared Dudley,0.9,2.8,0.4,0.5,0.0,0.1,0.525,0.361,0.6,0.588,0.0,0.6
229,Jared Terrell,0.4,0.2,1.5,0.0,0.0,0.0,0.2,0.091,0.529,0.0,0.0,0.0
230,Jarell Martin,0.2,1.7,0.1,0.3,0.1,0.0,0.667,0.358,0.231,0.545,0.5,0.33299999999999996
231,Jaren Jackson Jr.,1.7,2.8,0.3,6.2,3.1,1.8,0.46299999999999997,0.374,0.25,0.633,0.48700000000000004,0.551
232,Jaron Blossomgame,0.2,1.3,0.1,2.1,0.0,0.3,0.375,0.28600000000000003,0.14300000000000002,0.632,0.0,0.5710000000000001
233,Jarred Vanderbilt,0.1,0.0,0.0,1.0,0.0,0.2,0.0,0.0,0.0,0.583,0.0,0.25
234,Jarrett Allen,0.1,0.2,0.0,7.6,0.1,2.2,0.231,0.122,0.0,0.662,0.4,0.542
235,Jason Smith,0.3,1.7,0.0,0.8,0.2,0.3,0.667,0.316,0.0,0.41200000000000003,1.0,0.5
236,Jawun Evans,0.5,0.0,0.3,0.0,0.0,0.0,0.28600000000000003,0.0,0.125,0.0,0.0,0.0
237,Jaylen Adams,0.5,1.5,1.0,0.0,0.0,0.0,0.318,0.354,0.325,0.0,0.0,0.0
238,Jaylen Brown,3.1,3.7,1.9,1.8,0.9,0.5,0.494,0.364,0.39299999999999996,0.555,0.5660000000000001,0.696
239,Jaylen Morris,0.0,0.8,0.0,0.0,0.0,0.5,0.0,0.33299999999999996,0.0,0.0,0.0,1.0
240,Jayson Tatum,3.1,3.2,4.3,1.8,1.1,0.9,0.46,0.397,0.35700000000000004,0.606,0.47100000000000003,0.667
241,Jeff Green,1.9,4.6,1.2,2.2,0.7,0.6,0.556,0.385,0.33299999999999996,0.695,0.409,0.529
242,Jeff Teague,6.4,1.1,3.2,0.2,0.0,0.0,0.43799999999999994,0.381,0.368,0.6,0.0,0.25
243,Jemerrio Jones,0.2,1.0,0.0,2.3,0.0,0.7,0.0,0.25,0.0,0.583,0.0,1.0
244,Jerami Grant,1.7,4.8,0.2,3.6,0.9,1.4,0.39799999999999996,0.406,0.29,0.657,0.509,0.524
245,Jeremy Lamb,5.7,3.6,3.7,1.1,0.1,0.4,0.429,0.39899999999999997,0.41600000000000004,0.606,0.25,0.531
246,Jeremy Lin,4.1,1.4,2.3,0.1,0.0,0.2,0.507,0.28600000000000003,0.402,0.308,0.0,0.462
247,Jerian Grant,0.9,1.6,1.4,0.0,0.0,0.1,0.377,0.41,0.38299999999999995,0.0,0.0,1.0
248,Jerome Robinson,0.7,1.5,0.9,0.1,0.0,0.2,0.455,0.34,0.429,0.667,0.0,1.0
249,Jerryd Bayless,1.4,1.9,2.3,0.1,0.1,0.1,0.35200000000000004,0.33299999999999996,0.327,0.667,1.0,0.5
250,Jevon Carter,0.5,1.7,1.5,0.0,0.0,0.0,0.214,0.34299999999999997,0.28,0.0,0.0,0.0
251,Jimmer Fredette,1.7,0.0,0.7,0.0,0.0,0.0,0.5,0.0,0.16699999999999998,0.0,0.0,0.0
252,Jimmy Butler,5.5,2.4,3.9,3.4,0.8,1.2,0.46,0.373,0.34700000000000003,0.701,0.33299999999999996,0.5
253,Joakim Noah,1.0,0.1,0.0,3.8,0.3,1.6,0.486,0.2,0.33299999999999996,0.578,0.316,0.5
254,Jodie Meeks,1.3,2.6,1.4,0.3,0.0,0.5,0.556,0.368,0.625,0.5,0.0,1.0
255,Joe Chealey,2.0,0.0,0.0,0.0,0.0,0.0,0.5,0.0,0.0,0.0,0.0,0.0
256,Joe Harris,3.6,6.3,1.4,0.9,0.0,0.5,0.48700000000000004,0.486,0.402,0.653,0.0,0.68
257,Joe Ingles,3.7,4.8,2.6,0.3,0.0,0.2,0.5529999999999999,0.39899999999999997,0.37200000000000005,0.667,1.0,0.5
258,Joel Embiid,4.0,4.1,3.1,7.8,6.9,2.3,0.523,0.32299999999999995,0.358,0.639,0.489,0.484
259,John Collins,1.8,3.0,0.4,11.1,1.7,1.9,0.396,0.341,0.324,0.696,0.506,0.5660000000000001
260,John Henson,0.1,2.4,0.0,2.5,0.1,0.3,0.5,0.36700000000000005,0.0,0.63,0.5,0.33299999999999996
261,John Holland,0.0,0.0,0.0,0.0,0.0,0.0,0.0,0.0,0.0,0.0,0.0,0.0
262,John Jenkins,0.5,2.0,1.9,0.2,0.0,0.2,0.444,0.36,0.42,0.667,0.0,0.75
263,John Wall,9.5,3.6,4.5,0.2,0.0,0.2,0.541,0.361,0.33,0.429,0.0,1.0
264,Johnathan Motley,0.8,0.1,0.0,2.5,0.5,0.6,0.636,0.14300000000000002,0.0,0.636,0.33299999999999996,0.462
265,Johnathan Williams,0.4,0.2,0.0,4.4,0.1,1.5,0.444,0.33299999999999996,0.0,0.597,0.16699999999999998,0.5770000000000001
266,Jon Leuer,0.2,0.6,0.2,2.2,0.4,0.4,0.6,0.33299999999999996,0.5710000000000001,0.75,0.41200000000000003,0.385
267,Jonah Bolden,0.2,2.4,0.0,1.4,0.0,0.5,0.444,0.375,0.14300000000000002,0.75,1.0,0.75
268,Jonas Jerebko,0.4,3.2,0.2,1.5,0.1,0.8,0.444,0.408,0.259,0.603,0.667,0.727
269,Jonas Valanciunas,1.2,1.5,0.6,7.4,3.4,3.2,0.449,0.36,0.361,0.657,0.564,0.621
270,Jonathan Isaac,1.2,3.6,0.9,2.4,0.2,0.5,0.49200000000000005,0.327,0.337,0.568,0.43799999999999994,0.45799999999999996
271,Jonathon Simmons,2.5,1.0,1.4,0.5,0.2,0.1,0.402,0.265,0.294,0.545,0.33299999999999996,0.33299999999999996
272,Jordan Bell,0.3,0.3,0.6,1.2,0.1,0.3,0.41700000000000004,0.29,0.40399999999999997,0.581,0.25,0.32
273,Jordan Clarkson,6.2,3.6,4.9,1.1,0.2,0.5,0.517,0.37799999999999995,0.39299999999999996,0.597,0.375,0.606
274,Jordan Loyd,0.9,0.3,0.9,0.0,0.0,0.0,0.5,0.25,0.5710000000000001,0.0,0.0,0.0
275,Jordan McRae,1.7,0.6,2.3,0.3,0.0,0.0,0.455,0.25,0.444,1.0,0.0,0.0
276,Jordan Sibert,0.0,3.0,0.0,0.0,0.0,0.0,0.0,1.0,0.0,0.0,0.0,0.0
277,Jose Calderon,0.4,0.7,1.1,0.0,0.0,0.0,0.3,0.282,0.397,0.5,0.0,0.0
278,Josh Hart,0.7,3.5,0.9,0.5,0.1,0.3,0.36,0.335,0.27899999999999997,0.5379999999999999,1.0,0.526
279,Josh Jackson,4.3,2.4,2.3,1.2,0.1,0.4,0.39399999999999996,0.365,0.34299999999999997,0.5920000000000001,0.5,0.591
280,Josh Okogie,1.6,2.3,0.8,1.0,0.0,0.4,0.41700000000000004,0.301,0.27399999999999997,0.596,0.0,0.909
281,Josh Richardson,4.2,5.9,4.2,0.9,0.1,0.3,0.39899999999999997,0.391,0.395,0.638,0.5710000000000001,0.47100000000000003
282,Jrue Holiday,9.7,2.3,5.7,1.6,0.4,0.7,0.52,0.369,0.355,0.691,0.474,0.645
283,Juancho Hernangomez,0.3,2.9,0.1,1.5,0.2,0.2,0.226,0.38299999999999995,0.3,0.625,0.5,0.8
284,Julian Washburn,0.3,1.1,0.6,0.4,0.0,0.2,0.429,0.28,0.278,0.75,0.0,1.0
285,Julius Randle,5.5,2.4,1.4,5.5,2.7,2.7,0.563,0.373,0.33799999999999997,0.628,0.45299999999999996,0.613
286,Justin Anderson,0.6,1.3,0.3,0.8,0.0,0.1,0.33299999999999996,0.299,0.261,0.727,0.0,0.667
287,Justin Holiday,0.9,4.9,2.2,0.8,0.0,0.4,0.32899999999999996,0.35100000000000003,0.34700000000000003,0.54,0.0,0.424
288,Justin Jackson,1.3,3.0,1.1,1.2,0.0,0.2,0.452,0.35700000000000004,0.354,0.8540000000000001,0.25,0.467
289,Justin Patton,0.0,0.0,0.0,1.3,0.0,0.7,0.0,0.0,0.0,0.5,0.0,1.0
290,Justise Winslow,4.3,4.3,1.7,1.4,0.1,0.2,0.433,0.41600000000000004,0.33799999999999997,0.649,0.28600000000000003,0.6
291,Jusuf Nurkic,0.6,1.1,0.3,7.0,2.3,2.9,0.47100000000000003,0.312,0.34600000000000003,0.547,0.447,0.529
292,Kadeem Allen,4.8,2.1,2.2,0.4,0.0,0.0,0.45799999999999996,0.542,0.33299999999999996,0.75,0.0,0.0
293,Kalin Lucas,2.0,0.0,0.0,0.0,0.0,0.0,0.0,0.0,0.0,0.0,0.0,0.0
294,Karl-Anthony Towns,3.0,6.5,0.9,6.3,7.0,2.1,0.545,0.42,0.31,0.631,0.521,0.565
295,Kawhi Leonard,9.4,3.9,8.2,2.4,2.4,0.9,0.5539999999999999,0.43,0.42100000000000004,0.675,0.547,0.588
296,Keita Bates-Diop,0.7,1.4,0.3,1.5,0.0,0.1,0.33299999999999996,0.26899999999999996,0.20800000000000002,0.667,0.0,0.667
297,Kelly Olynyk,1.3,3.9,0.7,1.7,0.7,0.6,0.531,0.374,0.28,0.6859999999999999,0.645,0.613
298,Kelly Oubre Jr.,4.5,3.8,1.9,1.9,0.0,0.6,0.447,0.321,0.40700000000000003,0.588,0.0,0.556
299,Kemba Walker,9.1,3.4,10.5,0.3,0.0,0.2,0.498,0.36700000000000005,0.40399999999999997,0.529,0.0,0.5
300,Kenneth Faried,0.5,0.9,0.1,6.4,0.3,2.2,0.43799999999999994,0.462,0.4,0.6709999999999999,0.625,0.642
301,Kenrich Williams,0.6,2.8,0.8,1.0,0.0,0.2,0.364,0.331,0.304,0.537,0.0,0.444
302,Kent Bazemore,3.2,3.1,2.5,0.7,0.0,0.3,0.39899999999999997,0.34700000000000003,0.318,0.7,0.0,0.727
303,Kentavious Caldwell-Pope,1.0,5.1,2.1,0.9,0.0,0.6,0.436,0.385,0.35700000000000004,0.667,0.0,0.629
304,Kevin Durant,5.7,4.4,9.0,1.7,3.1,1.4,0.536,0.452,0.467,0.73,0.611,0.5579999999999999
305,Kevin Huerter,2.1,3.7,2.4,1.0,0.0,0.4,0.40399999999999997,0.38799999999999996,0.36,0.735,1.0,0.737
306,Kevin Knox,4.0,4.5,2.5,0.8,0.1,0.3,0.397,0.33899999999999997,0.33899999999999997,0.449,0.25,0.318
307,Kevin Love,1.0,5.6,2.8,2.7,2.4,0.5,0.467,0.305,0.469,0.47700000000000004,0.28,0.6
308,Kevon Looney,0.4,0.5,0.1,4.2,0.2,0.8,0.524,0.46299999999999997,0.313,0.693,0.462,0.6409999999999999
309,Khem Birch,0.4,0.0,0.0,3.3,0.2,1.0,0.444,0.0,0.0,0.63,0.833,0.47100000000000003
310,Khris Middleton,4.4,4.0,6.6,0.8,1.4,0.4,0.511,0.389,0.41200000000000003,0.528,0.5,0.565
311,Khyri Thomas,0.3,1.2,0.3,0.1,0.0,0.0,0.308,0.313,0.2,0.25,0.0,0.0
312,Klay Thompson,2.1,9.5,5.7,2.0,0.9,1.4,0.514,0.42,0.44,0.627,0.47100000000000003,0.575
313,Kobi Simmons,0.0,0.0,0.0,0.0,0.0,0.0,0.0,0.0,0.0,0.0,0.0,0.0
314,Kosta Koufos,0.1,0.4,0.3,2.3,0.5,0.8,0.3,0.529,0.467,0.478,0.375,0.47200000000000003
315,Kostas Antetokounmpo,0.0,0.0,0.0,0.5,1.0,0.0,0.0,0.0,0.0,0.0,0.0,0.0
316,Kris Dunn,5.5,1.2,4.0,0.4,0.4,0.2,0.43799999999999994,0.28600000000000003,0.396,0.75,0.5710000000000001,0.75
317,Kyle Anderson,1.7,0.8,0.6,2.8,0.2,0.8,0.451,0.33299999999999996,0.39399999999999996,0.6509999999999999,0.8,0.652
318,Kyle Korver,0.4,5.0,2.2,0.1,0.0,0.2,0.46399999999999997,0.414,0.392,0.8,0.0,0.625
319,Kyle Kuzma,4.1,5.2,2.0,2.4,1.0,1.3,0.546,0.312,0.369,0.5770000000000001,0.433,0.5770000000000001
320,Kyle Lowry,2.9,5.0,3.6,0.6,0.1,0.1,0.544,0.379,0.33299999999999996,0.586,0.667,0.667
321,Kyle O'Quinn,0.2,1.4,0.2,1.2,0.2,0.8,0.667,0.41600000000000004,0.8,0.575,0.444,0.667
322,Kyrie Irving,7.6,5.1,7.9,1.4,0.5,0.6,0.541,0.44,0.444,0.5660000000000001,0.519,0.485
323,LaMarcus Aldridge,0.7,3.3,3.8,8.5,8.1,1.9,0.469,0.47100000000000003,0.39,0.635,0.493,0.5770000000000001
324,Lance Stephenson,1.8,2.2,2.2,0.6,0.1,0.1,0.49,0.374,0.377,0.625,0.5,0.5710000000000001
325,Lance Thomas,0.9,1.8,0.6,0.6,0.2,0.1,0.429,0.31,0.424,0.632,0.5,0.5
326,Landry Shamet,0.7,5.1,1.8,0.3,0.0,0.1,0.42100000000000004,0.419,0.39,0.48,0.0,0.28600000000000003
327,Langston Galloway,1.0,4.6,1.3,0.1,0.0,0.1,0.39799999999999996,0.35,0.41600000000000004,0.455,0.0,0.833
328,Larry Nance Jr.,0.8,1.6,0.6,4.5,0.6,1.1,0.449,0.32799999999999996,0.34,0.643,0.424,0.444
329,Lauri Markkanen,4.1,7.0,2.1,2.8,1.1,1.2,0.467,0.371,0.36200000000000004,0.625,0.32799999999999996,0.6
330,LeBron James,8.4,3.0,6.6,3.0,1.3,1.3,0.531,0.409,0.359,0.738,0.484,0.738
331,Lonnie Walker IV,0.9,0.5,0.7,0.1,0.0,0.0,0.4,0.33299999999999996,0.263,0.33299999999999996,0.0,0.0
332,Lonzo Ball,1.3,3.3,2.1,1.5,0.1,0.3,0.345,0.335,0.303,0.627,0.429,0.583
333,Lorenzo Brown,0.3,0.5,0.6,0.3,0.0,0.0,0.222,0.267,0.304,0.667,0.0,0.0
334,Lou Williams,8.3,2.1,6.9,0.2,0.0,0.2,0.47200000000000003,0.364,0.405,0.35,0.0,0.556
335,Luc Mbah a Moute,1.5,1.5,0.5,1.0,0.0,0.5,0.4,0.5,0.33299999999999996,0.667,0.0,0.5
336,Luka Doncic,7.5,2.0,7.0,1.2,1.1,0.5,0.48700000000000004,0.358,0.34,0.586,0.529,0.588
337,Luke Kennard,1.4,3.8,3.2,0.5,0.0,0.2,0.455,0.409,0.41200000000000003,0.684,0.0,0.7140000000000001
338,Luke Kornet,0.3,4.4,0.5,1.4,0.3,0.4,0.25,0.366,0.25,0.55,0.292,0.41700000000000004
339,Luol Deng,0.6,2.1,0.4,1.9,0.9,0.4,0.308,0.364,0.21100000000000002,0.72,0.889,0.75
340,Malachi Richardson,0.1,0.8,0.3,0.0,0.0,0.0,0.0,0.3,0.28600000000000003,0.0,0.0,0.0
341,Malcolm Brogdon,6.5,4.2,1.3,1.4,0.0,0.4,0.5329999999999999,0.48100000000000004,0.294,0.695,0.0,0.833
342,Malcolm Miller,0.0,3.0,0.2,0.1,0.0,0.0,0.0,0.5,0.5,0.0,0.0,0.0
343,Malik Beasley,1.7,5.3,2.0,0.6,0.0,0.3,0.456,0.42100000000000004,0.385,0.7190000000000001,0.0,0.8
344,Malik Monk,2.0,3.5,1.8,0.5,0.0,0.0,0.379,0.361,0.28600000000000003,0.889,0.0,0.0
345,MarShon Brooks,2.3,0.9,1.9,1.0,0.0,0.5,0.544,0.321,0.348,0.8240000000000001,0.0,0.875
346,Marc Gasol,0.9,5.7,0.9,3.2,2.8,2.1,0.5,0.401,0.33299999999999996,0.526,0.451,0.429
347,Marcin Gortat,0.1,0.6,0.1,3.7,0.4,1.3,0.667,0.433,0.33299999999999996,0.569,0.3,0.491
348,Marco Belinelli,1.1,4.5,2.7,0.8,0.0,0.5,0.426,0.39899999999999997,0.358,0.581,0.0,0.455
349,Marcus Derrickson,0.0,2.3,1.2,0.8,0.5,0.2,0.0,0.474,0.5,0.75,0.4,1.0
350,Marcus Morris,2.5,5.4,2.8,1.8,1.1,0.6,0.514,0.401,0.365,0.621,0.547,0.475
351,Marcus Smart,1.4,3.8,1.4,0.9,0.4,0.2,0.495,0.387,0.319,0.527,0.474,0.5710000000000001
352,Mario Hezonja,2.6,1.8,1.9,1.2,0.1,0.5,0.37200000000000005,0.297,0.397,0.625,0.6,0.667
353,Markelle Fultz,4.2,0.5,2.2,1.0,0.0,0.2,0.515,0.17600000000000002,0.32299999999999995,0.5,0.0,0.5
354,Markieff Morris,0.6,3.9,0.6,2.2,1.9,0.5,0.35,0.358,0.254,0.627,0.49,0.462
355,Marquese Chriss,0.3,1.2,0.0,2.1,0.2,0.2,0.25,0.24600000000000002,0.0,0.534,0.5710000000000001,0.2
356,Marvin Bagley III,1.3,2.2,1.0,6.5,3.5,1.9,0.408,0.377,0.349,0.6509999999999999,0.446,0.528
357,Marvin Williams,1.0,5.8,0.6,1.6,0.5,0.4,0.431,0.382,0.33899999999999997,0.644,0.45,0.545
358,Mason Plumlee,0.7,0.2,0.2,4.6,1.2,0.8,0.545,0.33299999999999996,0.31,0.6970000000000001,0.46299999999999997,0.5870000000000001
359,Matthew Dellavedova,2.2,2.2,1.4,0.1,0.1,0.0,0.473,0.391,0.321,0.75,0.5,0.0
360,Maurice Harkless,0.9,1.6,0.2,2.7,1.0,0.7,0.449,0.28600000000000003,0.22699999999999998,0.652,0.556,0.857
361,Maxi Kleber,0.7,3.3,0.5,1.4,0.5,0.2,0.462,0.36200000000000004,0.444,0.63,0.545,0.667
362,Melvin Frazier Jr.,0.3,0.0,0.2,0.6,0.0,0.0,0.2,0.0,0.2,0.667,0.0,0.0
363,Meyers Leonard,0.2,2.5,0.3,2.1,0.2,0.4,0.5,0.43,0.474,0.7,0.5,0.435
364,Michael Beasley,3.0,0.3,0.9,1.2,0.6,1.2,0.493,0.17600000000000002,0.39299999999999996,0.5,0.5,0.583
365,Michael Carter-Williams,2.2,0.8,0.5,0.6,0.1,0.1,0.39299999999999996,0.26899999999999996,0.22699999999999998,0.636,0.5,0.5
366,Michael Kidd-Gilchrist,1.4,1.2,0.4,1.9,0.2,0.3,0.41100000000000003,0.37200000000000005,0.361,0.564,0.8,0.3
367,Mikal Bridges,1.3,3.4,0.8,0.9,0.0,0.4,0.434,0.336,0.35100000000000003,0.6,0.33299999999999996,0.529
368,Mike Conley,8.1,3.6,6.9,0.5,0.1,0.6,0.48200000000000004,0.41600000000000004,0.379,0.583,1.0,0.5710000000000001
369,Mike Muscala,0.2,4.6,0.1,1.0,0.2,0.5,0.3,0.363,0.33299999999999996,0.591,0.667,0.643
370,Mike Scott,0.3,3.8,0.6,0.6,0.3,0.2,0.242,0.413,0.35700000000000004,0.5,0.429,0.318
371,Miles Bridges,1.8,2.2,0.5,1.8,0.2,0.2,0.483,0.355,0.214,0.767,0.563,0.667
372,Miles Plumlee,0.3,0.0,0.0,3.4,0.0,0.8,0.6,0.0,0.0,0.703,0.0,0.429
373,Milos Teodosic,0.7,1.4,1.1,0.1,0.0,0.0,0.667,0.368,0.5,1.0,0.0,0.0
374,Mitchell Creek,0.4,0.0,0.0,0.8,0.0,1.0,0.33299999999999996,0.0,0.0,0.5,0.0,0.667
375,Mitchell Robinson,0.0,0.0,0.0,6.8,0.1,0.6,0.0,0.33299999999999996,0.0,0.693,0.75,0.7040000000000001
376,Mo Bamba,0.2,2.0,0.1,3.0,0.5,1.0,0.182,0.35,0.231,0.649,0.308,0.594
377,Monte Morris,3.5,3.0,3.3,0.4,0.0,0.4,0.5710000000000001,0.439,0.469,0.6,0.5,0.5710000000000001
378,Montrezl Harrell,1.4,0.3,0.4,8.9,2.4,3.2,0.5429999999999999,0.433,0.255,0.679,0.49200000000000005,0.667
379,Moritz Wagner,1.0,1.5,0.2,0.9,0.4,0.4,0.5,0.284,0.33299999999999996,0.593,0.5,0.75
380,Myles Turner,0.7,5.5,0.8,3.7,1.4,2.4,0.633,0.41200000000000003,0.419,0.609,0.44799999999999995,0.593
381,Naz Mitrou-Long,0.7,0.0,0.4,0.0,0.0,0.0,0.444,0.0,0.28600000000000003,0.0,0.0,0.0
382,Nemanja Bjelica,1.4,3.7,0.7,3.1,0.4,0.3,0.42200000000000004,0.40700000000000003,0.364,0.614,0.48100000000000004,0.733
383,Nene,0.4,0.6,0.0,1.7,0.2,1.4,0.545,0.382,0.25,0.63,0.429,0.595
384,Nerlens Noel,0.2,0.4,0.2,3.8,0.0,0.7,0.556,0.36200000000000004,0.389,0.637,1.0,0.5
385,Nick Young,0.0,1.5,0.8,0.0,0.0,0.0,0.0,0.33299999999999996,0.33299999999999996,0.0,0.0,0.0
386,Nicolas Batum,1.7,3.7,2.2,1.2,0.1,0.3,0.529,0.409,0.386,0.6,0.6,0.7
387,Nik Stauskas,1.2,2.1,1.9,0.2,0.0,0.1,0.485,0.40299999999999997,0.37799999999999995,0.467,0.0,0.444
388,Nikola Jokic,2.3,4.3,0.9,5.7,3.9,3.3,0.537,0.361,0.36200000000000004,0.648,0.5,0.565
389,Nikola Mirotic,0.6,7.2,1.7,2.9,1.4,0.5,0.33299999999999996,0.39,0.299,0.65,0.591,0.688
390,Nikola Vucevic,1.6,5.9,0.8,8.8,4.5,3.2,0.5429999999999999,0.40299999999999997,0.39299999999999996,0.623,0.48100000000000004,0.604
391,Noah Vonleh,1.6,2.1,0.2,1.9,1.4,0.4,0.469,0.35,0.24100000000000002,0.565,0.521,0.611
392,Norman Powell,2.7,2.9,0.9,0.6,0.0,0.2,0.515,0.43200000000000005,0.282,0.68,1.0,0.5710000000000001
393,OG Anunoby,1.1,2.9,0.3,1.0,0.1,0.3,0.457,0.35100000000000003,0.258,0.5710000000000001,0.33299999999999996,0.769
394,Okaro White,0.0,0.0,0.0,0.0,0.0,0.0,0.0,0.0,0.0,0.0,0.0,0.0
395,Omari Spellman,0.3,3.1,0.0,1.8,0.0,0.4,0.3,0.358,0.14300000000000002,0.447,0.2,0.727
396,Omri Casspi,1.4,1.2,0.1,2.1,0.2,0.8,0.465,0.4,0.2,0.617,0.4,0.667
397,Otto Porter Jr.,2.1,5.4,3.5,1.7,0.5,0.6,0.522,0.433,0.38,0.606,0.526,0.44799999999999995
398,PJ Dozier,0.8,1.0,0.0,1.3,0.0,0.0,0.667,0.222,0.0,1.0,0.0,0.0
399,PJ Tucker,0.4,5.3,0.2,0.7,0.0,0.3,0.353,0.37799999999999995,0.25,0.455,0.0,0.522
400,Pascal Siakam,5.4,3.1,0.6,2.9,1.5,1.1,0.5720000000000001,0.374,0.381,0.65,0.467,0.627
401,Pat Connaughton,1.0,2.9,0.6,1.6,0.0,0.5,0.469,0.319,0.452,0.754,0.0,0.875
402,Patrick Beverley,1.8,3.3,1.2,0.2,0.0,0.0,0.406,0.401,0.375,0.353,0.0,0.0
403,Patrick McCaw,0.5,0.9,0.1,0.1,0.0,0.1,0.33299999999999996,0.36,0.111,0.667,0.0,1.0
404,Patrick Patterson,0.1,2.4,0.1,0.7,0.3,0.2,0.28600000000000003,0.342,0.33299999999999996,0.419,0.625,0.35700000000000004
405,Patty Mills,1.2,3.9,3.0,0.4,0.0,0.1,0.536,0.41100000000000003,0.354,0.52,0.0,0.455
406,Pau Gasol,0.3,1.2,0.1,1.7,0.5,0.7,0.455,0.429,0.28600000000000003,0.613,0.235,0.47100000000000003
407,Paul George,6.2,7.3,8.1,1.7,0.9,1.6,0.475,0.39299999999999996,0.385,0.614,0.51,0.573
408,Paul Millsap,2.1,2.6,1.1,3.6,2.3,0.6,0.483,0.406,0.336,0.5720000000000001,0.465,0.47200000000000003
409,Quincy Acy,0.0,0.6,0.0,0.7,0.0,0.2,0.0,0.125,0.0,0.667,0.0,0.5
410,Quincy Pondexter,0.7,0.3,0.2,0.4,0.0,0.0,0.529,0.313,0.364,0.6920000000000001,0.0,0.5
411,Quinn Cook,1.1,2.4,2.5,0.3,0.0,0.2,0.45,0.47700000000000004,0.414,0.556,0.0,0.667
412,RJ Hunter,0.0,9.0,5.0,0.0,0.0,0.0,0.0,0.429,0.5,0.0,0.0,0.0
413,Rajon Rondo,4.1,1.7,2.8,0.3,0.0,0.1,0.433,0.33299999999999996,0.36,0.462,0.0,0.4
414,Raul Neto,2.7,1.3,0.8,0.1,0.0,0.0,0.519,0.364,0.317,1.0,0.0,0.0
415,Rawle Alkins,1.1,0.9,0.0,0.5,0.0,0.0,0.33299999999999996,0.375,0.0,0.25,0.0,0.0
416,Ray Spalding,0.1,0.1,0.0,2.5,0.0,1.1,0.0,0.2,0.0,0.5329999999999999,0.0,0.778
417,Raymond Felton,0.8,1.5,1.5,0.0,0.0,0.0,0.375,0.37799999999999995,0.387,0.0,0.0,0.0
418,Reggie Bullock,0.9,6.7,1.7,0.5,0.0,0.3,0.414,0.397,0.38799999999999996,0.485,0.0,0.588
419,Reggie Jackson,4.8,4.7,4.1,0.4,0.1,0.2,0.45399999999999996,0.396,0.402,0.632,0.5,0.667
420,Richaun Holmes,0.8,0.2,0.1,5.4,0.4,1.7,0.478,0.276,0.5,0.655,0.5710000000000001,0.539
421,Ricky Rubio,4.6,2.8,3.3,0.2,0.0,0.1,0.49200000000000005,0.32799999999999996,0.35600000000000004,0.545,0.0,0.444
422,Robert Covington,1.5,6.8,1.3,1.0,0.0,0.5,0.439,0.395,0.3,0.593,0.0,0.727
423,Robert Williams III,0.0,0.1,0.0,2.1,0.1,0.4,0.0,0.25,0.0,0.721,0.667,1.0
424,Robin Lopez,0.7,0.6,0.2,4.1,3.1,2.0,0.579,0.281,0.375,0.6459999999999999,0.595,0.574
425,Rodions Kurucs,2.1,2.6,0.3,1.7,0.0,0.1,0.485,0.315,0.292,0.607,0.0,0.75
426,Rodney Hood,2.9,2.4,4.1,0.5,0.5,0.2,0.433,0.365,0.424,0.867,0.48100000000000004,0.462
427,Rodney McGruder,2.0,3.1,0.9,0.9,0.0,0.2,0.40399999999999997,0.35200000000000004,0.369,0.532,0.0,0.25
428,Ron Baker,0.1,0.2,0.1,0.2,0.0,0.1,0.0,0.1,0.2,1.0,0.0,1.0
429,Rondae Hollis-Jefferson,2.7,0.6,0.6,1.8,0.7,1.1,0.435,0.188,0.295,0.469,0.42100000000000004,0.547
430,Royce O'Neale,1.1,2.4,0.2,0.4,0.0,0.1,0.466,0.41,0.207,0.64,0.0,0.833
431,Rudy Gay,3.7,2.9,4.1,1.4,1.6,0.4,0.527,0.395,0.528,0.625,0.527,0.647
432,Rudy Gobert,0.4,0.0,0.0,12.8,0.2,2.5,0.542,0.16699999999999998,0.0,0.7020000000000001,0.263,0.585
433,Russell Westbrook,7.5,2.8,6.1,1.5,1.0,0.6,0.502,0.314,0.314,0.672,0.386,0.5
434,Ryan Anderson,0.5,1.1,0.4,0.2,0.2,0.0,0.5,0.237,0.294,0.28600000000000003,0.5,0.0
435,Ryan Arcidiacono,2.2,2.6,1.5,0.2,0.0,0.1,0.5,0.42100000000000004,0.39799999999999996,0.818,0.0,0.4
436,Ryan Broekhoff,0.3,2.5,0.4,0.3,0.0,0.1,0.5,0.40700000000000003,0.43799999999999994,0.625,0.0,0.5
437,Salah Mejri,0.3,0.8,0.2,2.2,0.1,0.4,0.375,0.243,0.5,0.66,0.5,0.462
438,Sam Dekker,0.9,1.1,0.5,1.6,0.0,0.4,0.33299999999999996,0.31,0.31,0.618,0.0,0.563
439,Scott Machado,0.5,0.0,0.8,0.5,0.0,0.0,1.0,0.0,0.5,1.0,0.0,0.0
440,Semi Ojeleye,0.4,1.5,0.2,0.7,0.0,0.2,0.42100000000000004,0.341,0.2,0.889,0.0,0.556
441,Serge Ibaka,1.0,5.4,0.7,5.4,1.3,3.3,0.444,0.44,0.39399999999999996,0.6809999999999999,0.519,0.615
442,Seth Curry,1.4,3.2,2.9,0.1,0.0,0.0,0.5429999999999999,0.467,0.41100000000000003,0.375,0.0,0.5
443,Shabazz Napier,2.9,1.8,3.5,0.3,0.0,0.1,0.41,0.327,0.361,0.667,0.0,0.667
444,Shai Gilgeous-Alexander,5.1,1.7,2.9,0.4,0.1,0.2,0.49700000000000005,0.387,0.423,0.636,0.5,0.583
445,Shake Milton,0.4,2.1,0.9,0.3,0.0,0.1,0.25,0.33299999999999996,0.444,0.6,0.0,0.5
446,Shaquille Harrison,3.3,0.9,0.3,0.4,0.0,0.1,0.452,0.28,0.192,0.467,0.0,0.833
447,Shaun Livingston,0.5,0.3,1.1,1.4,0.4,0.4,0.483,0.579,0.4,0.6559999999999999,0.423,0.5710000000000001
448,Shelvin Mack,2.6,1.0,2.4,0.4,0.0,0.3,0.41600000000000004,0.32299999999999995,0.33299999999999996,0.5,0.5,0.35
449,Sindarius Thornwell,0.3,0.1,0.0,0.2,0.0,0.1,0.4,0.2,0.0,0.7140000000000001,0.0,0.5
450,Skal Labissiere,0.3,0.7,0.5,1.2,0.5,0.3,0.667,0.462,0.5710000000000001,0.625,0.364,1.0
451,Solomon Hill,0.3,2.2,0.3,1.0,0.0,0.3,0.182,0.327,0.294,0.731,0.0,0.6
452,Spencer Dinwiddie,8.6,2.5,3.9,0.2,0.0,0.2,0.521,0.37,0.33899999999999997,0.875,0.0,1.0
453,Stanley Johnson,2.0,2.5,0.8,0.3,0.1,0.2,0.523,0.302,0.3,0.429,0.5,0.75
454,Stephen Curry,3.9,9.5,8.3,1.2,0.2,0.9,0.5,0.444,0.42700000000000005,0.7,0.5,0.6759999999999999
455,Sterling Brown,1.5,2.4,0.6,0.7,0.1,0.1,0.5429999999999999,0.385,0.318,0.563,1.0,1.0
456,Steven Adams,0.1,0.5,0.2,9.6,3.0,2.6,0.667,0.447,0.467,0.615,0.546,0.594
457,Svi Mykhailiuk,0.4,1.9,0.5,0.1,0.0,0.0,0.467,0.325,0.28600000000000003,0.4,0.0,0.0
458,T.J. McConnell,2.9,0.8,2.6,0.5,0.0,0.2,0.529,0.434,0.473,0.667,0.0,0.545
459,T.J. Warren,5.9,5.1,2.7,1.7,0.2,0.8,0.47600000000000003,0.444,0.358,0.7170000000000001,0.308,0.667
460,TJ Leaf,0.6,0.5,0.1,1.7,0.4,0.5,0.457,0.27,0.25,0.708,0.611,0.583
461,Tahjere McCall,2.0,0.0,0.0,0.0,0.0,0.0,1.0,0.0,0.0,0.0,0.0,0.0
462,Taj Gibson,0.6,1.1,0.3,6.0,1.8,1.7,0.45,0.386,0.5,0.635,0.514,0.51
463,Taurean Prince,3.1,4.9,3.4,0.5,0.0,0.1,0.48100000000000004,0.41600000000000004,0.374,0.65,0.0,0.6
464,Terrance Ferguson,0.6,4.3,0.2,0.8,0.0,0.2,0.387,0.375,0.16699999999999998,0.7070000000000001,0.0,0.556
465,Terrence Jones,0.0,0.0,0.0,1.0,0.0,0.0,0.0,0.0,0.0,1.0,0.0,0.0
466,Terrence Ross,1.1,7.1,4.8,0.5,0.0,0.8,0.43200000000000005,0.414,0.401,0.68,0.0,0.608
467,Terry Rozier,2.1,3.1,2.6,0.3,0.0,0.1,0.41700000000000004,0.377,0.32899999999999996,0.579,0.0,0.625
468,Thabo Sefolosha,0.5,1.9,0.4,0.4,0.1,0.2,0.435,0.42700000000000005,0.429,0.6920000000000001,0.5,0.7140000000000001
469,Thaddeus Young,1.1,2.0,0.2,4.6,2.3,1.4,0.506,0.348,0.175,0.631,0.485,0.635
470,Theo Pinson,1.1,1.3,0.8,0.3,0.0,0.0,0.4,0.276,0.22699999999999998,0.75,0.0,0.0
471,Thomas Bryant,0.3,2.1,0.2,5.7,0.3,1.8,0.6,0.392,0.348,0.748,0.563,0.591
472,Thomas Welsh,0.0,1.4,0.0,0.1,0.0,0.4,0.0,0.545,0.0,0.0,0.0,1.0
473,Thon Maker,0.2,2.4,0.1,1.4,0.0,0.4,0.5,0.331,0.214,0.565,0.0,0.563
474,Tim Frazier,1.3,1.5,1.2,0.6,0.0,0.2,0.47700000000000004,0.449,0.344,0.654,0.0,0.4
475,Tim Hardaway Jr.,3.6,4.7,5.9,0.7,0.5,0.5,0.42,0.32,0.391,0.588,0.545,0.619
476,Timothe Luwawu-Cabarrot,0.9,2.2,0.3,0.6,0.0,0.0,0.395,0.33,0.233,0.706,0.0,0.0
477,Tobias Harris,5.8,4.3,5.0,2.2,1.4,1.0,0.503,0.39,0.444,0.67,0.484,0.66
478,Tomas Satoransky,2.8,2.3,1.0,1.4,0.1,0.5,0.456,0.406,0.345,0.662,0.5710000000000001,0.737
479,Tony Bradley,0.0,0.0,0.0,5.7,0.0,1.0,0.0,0.0,0.0,0.727,0.0,0.25
480,Tony Parker,5.0,0.8,2.8,0.1,0.0,0.1,0.519,0.304,0.434,0.25,0.0,0.667
481,Tony Snell,1.1,3.1,0.4,0.5,0.0,0.2,0.474,0.39799999999999996,0.302,0.586,0.0,0.875
482,Torrey Craig,0.4,2.3,0.3,1.3,0.0,0.2,0.419,0.313,0.37,0.614,0.0,0.636
483,Trae Young,8.4,1.9,6.5,0.6,0.0,0.2,0.502,0.361,0.353,0.655,1.0,0.615
484,Treveon Graham,1.3,3.3,0.4,0.3,0.0,0.0,0.5710000000000001,0.306,0.292,0.25,0.0,0.0
485,Trevon Duval,0.7,1.0,0.0,0.0,0.0,0.0,0.5,1.0,0.0,0.0,0.0,0.0
486,Trevor Ariza,2.2,5.2,1.6,1.1,0.2,0.6,0.375,0.349,0.318,0.66,0.267,0.75
487,Trey Burke,4.5,1.6,3.9,0.3,0.1,0.2,0.465,0.337,0.402,0.41200000000000003,1.0,0.625
488,Trey Lyles,1.8,2.5,0.8,2.0,0.9,0.7,0.44,0.28300000000000003,0.295,0.679,0.47600000000000003,0.643
489,Tristan Thompson,1.7,0.0,0.4,6.3,1.1,2.1,0.6,0.16699999999999998,0.45,0.5589999999999999,0.382,0.5329999999999999
490,Troy Brown Jr.,1.3,1.1,0.8,0.6,0.0,0.2,0.33299999999999996,0.311,0.321,0.682,0.0,0.41700000000000004
491,Troy Caupain,0.5,0.8,1.8,0.0,0.0,0.0,1.0,0.5,0.6,0.0,0.0,0.0
492,Troy Daniels,0.3,3.0,2.3,0.5,0.0,0.1,0.263,0.364,0.455,0.65,0.0,0.6
493,Troy Williams,0.5,2.0,0.1,0.8,0.0,0.2,0.313,0.326,0.14300000000000002,0.667,0.0,1.0
494,Tyler Cavanaugh,0.2,0.3,0.0,0.4,0.0,0.0,0.0,0.2,0.0,0.667,0.0,0.0
495,Tyler Davis,0.0,0.0,0.0,0.0,0.0,0.0,0.0,0.0,0.0,0.0,0.0,0.0
496,Tyler Dorsey,1.7,2.2,1.2,0.4,0.0,0.1,0.46299999999999997,0.35700000000000004,0.324,0.615,0.0,0.5
497,Tyler Johnson,2.8,4.5,1.0,0.6,0.0,0.4,0.397,0.337,0.299,0.7140000000000001,0.0,0.75
498,Tyler Lydon,0.0,0.5,0.0,0.4,0.0,0.1,0.0,0.4,0.0,0.8,0.0,1.0
499,Tyler Ulis,0.0,0.0,0.0,0.0,0.0,0.0,0.0,0.0,0.0,0.0,0.0,0.0
500,Tyler Zeller,0.3,0.0,0.3,4.8,0.8,1.7,1.0,0.0,1.0,0.611,0.5,0.7140000000000001
501,Tyreke Evans,2.8,2.0,2.2,0.7,0.3,0.3,0.361,0.37799999999999995,0.321,0.621,0.588,0.727
502,Tyrone Wallace,1.5,0.3,0.5,0.4,0.0,0.1,0.415,0.316,0.405,0.52,0.16699999999999998,0.4
503,Tyson Chandler,0.0,0.0,0.0,2.5,0.0,0.4,0.0,0.0,0.0,0.632,0.0,0.429
504,Tyus Jones,2.6,1.2,2.3,0.2,0.0,0.2,0.405,0.365,0.35,0.636,0.0,0.7140000000000001
505,Udonis Haslem,0.3,0.8,0.4,1.2,0.4,0.0,0.0,0.222,0.4,0.6,0.5,0.0
506,Victor Oladipo,5.0,3.6,7.5,0.3,0.1,0.5,0.42,0.402,0.38799999999999996,0.41700000000000004,1.0,0.7
507,Vince Carter,1.0,4.2,1.1,0.6,0.3,0.2,0.508,0.395,0.35600000000000004,0.667,0.423,0.5
508,Vincent Edwards,0.0,1.5,0.0,0.0,0.0,0.0,0.0,0.25,0.0,0.0,0.0,0.0
509,Wade Baldwin IV,0.9,0.0,0.8,0.0,0.0,0.0,0.33299999999999996,0.0,0.385,0.0,0.0,0.0
510,Walter Lemon Jr.,8.0,1.0,2.7,1.5,0.0,0.3,0.42,0.4,0.348,0.8,0.0,0.33299999999999996
511,Wayne Ellington,0.8,5.2,2.7,0.2,0.0,0.2,0.475,0.36,0.397,0.625,0.0,1.0
512,Wayne Selden,2.3,1.9,1.7,0.4,0.0,0.2,0.424,0.316,0.40700000000000003,0.44799999999999995,0.33299999999999996,0.5379999999999999
513,Wendell Carter Jr.,0.3,2.1,0.4,4.8,1.1,2.1,0.444,0.387,0.242,0.603,0.284,0.591
514,Wes Iwundu,0.8,1.4,0.6,0.8,0.0,0.3,0.271,0.39299999999999996,0.32799999999999996,0.7,1.0,0.857
515,Wesley Johnson,0.2,1.4,1.1,0.4,0.0,0.1,0.5,0.261,0.386,0.667,0.0,0.33299999999999996
516,Wesley Matthews,1.7,5.4,2.6,0.7,1.3,0.4,0.375,0.406,0.32,0.515,0.45799999999999996,0.55
517,Will Barton,3.3,3.4,2.8,0.8,0.1,0.3,0.414,0.38,0.32299999999999995,0.529,0.33299999999999996,0.5
518,Willie Cauley-Stein,1.1,0.5,0.4,6.8,1.3,2.4,0.37,0.345,0.37,0.65,0.44299999999999995,0.462
519,Willy Hernangomez,0.3,0.9,0.1,4.2,0.7,1.0,0.833,0.353,0.429,0.5660000000000001,0.48100000000000004,0.429
520,Wilson Chandler,1.0,3.4,0.5,0.7,0.1,0.2,0.568,0.379,0.316,0.469,0.2,0.556
521,Yante Maten,0.0,0.0,1.0,0.0,0.0,0.0,0.0,0.0,1.0,0.0,0.0,0.0
522,Yogi Ferrell,1.7,1.4,2.3,0.2,0.0,0.2,0.521,0.382,0.42200000000000004,0.625,0.0,0.6
523,Yuta Watanabe,0.7,0.7,0.4,0.5,0.3,0.0,0.364,0.235,0.16699999999999998,0.5,0.667,0.0
524,Zach Collins,0.5,1.6,0.2,2.8,0.9,0.8,0.565,0.308,0.26899999999999996,0.657,0.47700000000000004,0.447
525,Zach LaVine,9.5,2.5,5.8,1.5,0.3,0.6,0.496,0.376,0.35700000000000004,0.741,0.41200000000000003,0.5710000000000001
526,Zach Lofton,0.0,0.0,0.0,0.0,0.0,0.0,0.0,0.0,0.0,0.0,0.0,0.0
527,Zaza Pachulia,0.3,0.4,0.1,2.3,0.3,0.5,0.667,0.325,0.308,0.479,0.5329999999999999,0.355
528,Zhaire Smith,1.2,2.0,1.3,1.0,0.0,0.3,0.5,0.308,0.375,1.0,0.0,0.33299999999999996
529,Zhou Qi,0.0,0.0,0.0,2.0,0.0,0.0,0.0,0.0,0.0,1.0,0.0,0.0
